,CAJ,CAJ,CAJ,CAA,CAA,CAA,CAE,CAE,CAE,CSJ,CSJ,CSJ,CAS,CAS,CAS,area_0,area_0,area_0,area_1,area_1,area_1,area_2,area_2,area_2,operator_0_acromioclaviculaire_0,operator_0_acromioclaviculaire_0,operator_0_acromioclaviculaire_0,operator_0_acromioclaviculaire_1,operator_0_acromioclaviculaire_1,operator_0_acromioclaviculaire_1,operator_0_acromioclaviculaire_2,operator_0_acromioclaviculaire_2,operator_0_acromioclaviculaire_2,operator_1_acromioclaviculaire_0,operator_1_acromioclaviculaire_0,operator_1_acromioclaviculaire_0,operator_1_acromioclaviculaire_1,operator_1_acromioclaviculaire_1,operator_1_acromioclaviculaire_1,operator_1_acromioclaviculaire_2,operator_1_acromioclaviculaire_2,operator_1_acromioclaviculaire_2,operator_2_acromioclaviculaire_0,operator_2_acromioclaviculaire_0,operator_2_acromioclaviculaire_0,operator_2_acromioclaviculaire_1,operator_2_acromioclaviculaire_1,operator_2_acromioclaviculaire_1,operator_2_acromioclaviculaire_2,operator_2_acromioclaviculaire_2,operator_2_acromioclaviculaire_2,bone_type,bone_ID
,x,y,z,x,y,z,x,y,z,x,y,z,x,y,z,x,y,z,x,y,z,x,y,z,x,y,z,x,y,z,x,y,z,x,y,z,x,y,z,x,y,z,x,y,z,x,y,z,x,y,z,,
0,-0.010547136995318063,-0.034160816017818396,0.1054626635503729,-0.00548361161776767,-0.004093268388157129,0.1037166536075246,-0.0031851250681720344,0.06064333757145187,0.09524887068444893,0.019628637481065248,0.11269850121874647,0.10415104782336082,0.007001654093030774,0.11010282807196664,0.09603707019839727,-0.011075316834123168,-0.024097440483709875,0.10476650680145574,-0.01295276230471698,-0.026258140071073716,0.10576951861906903,-0.015577654453395873,-0.021660315921697967,0.10254473234895323,-0.005894771736855153,-0.036737096410051684,0.09881893283304077,-0.005224576703625083,-0.03589112566594699,0.09671071771731383,-0.005668537039703714,-0.0349249172048825,0.09541781660173176,-0.009077994881290463,-0.035521409475078675,0.10474401648100645,-0.0129417405424197,-0.03089215708037242,0.0938901946571262,-0.01197019995183679,-0.03212377821943524,0.09350309554632695,-0.006706252581029748,-0.03378054172600947,0.09409825115017367,-0.017022318223250843,-0.02677019257395019,0.09800227876394463,-0.01671272532601198,-0.0285967739541228,0.09720872959905263,collarbone,3
1,-0.010547136995318063,-0.034160816017818396,0.1054626635503729,-0.00548361161776767,-0.004093268388157129,0.1037166536075246,-0.0031851250681720344,0.06064333757145187,0.09524887068444893,0.019628637481065248,0.11269850121874647,0.10415104782336082,0.007001654093030774,0.11010282807196664,0.09603707019839727,-0.011075316834123168,-0.024097440483709875,0.10476650680145574,-0.01295276230471698,-0.026258140071073716,0.10576951861906903,-0.015577654453395873,-0.021660315921697967,0.10254473234895323,-0.005894771736855153,-0.036737096410051684,0.09881893283304077,-0.005224576703625083,-0.03589112566594699,0.09671071771731383,-0.005668537039703714,-0.0349249172048825,0.09541781660173176,-0.009077994881290463,-0.035521409475078675,0.10474401648100645,-0.0129417405424197,-0.03089215708037242,0.0938901946571262,-0.011801936510860367,-0.03199238102739434,0.0934842618775614,-0.006706252581029748,-0.03378054172600947,0.09409825115017367,-0.017022318223250843,-0.02677019257395019,0.09800227876394463,-0.01671272532601198,-0.0285967739541228,0.09720872959905263,collarbone,3
2,-0.011704991252504904,-0.033923125050707714,0.10540888459024095,-0.005426334530158061,-0.004122859295387513,0.10371826667138244,-0.003200914309910763,0.06063464101661248,0.0952391996136141,0.019002649513092607,0.11247129598186068,0.10402305956194374,0.0072469413543697625,0.11004174778530129,0.09612678162343885,-0.011017309060059446,-0.024682314280676687,0.10490536504193379,-0.01268936446762614,-0.02626699337965302,0.10573152948303875,-0.015272095507770755,-0.021691238574860938,0.10270796390455439,-0.0057327378860083655,-0.03666010996461863,0.09888919334537001,-0.0050259444343842,-0.035889853924458315,0.09663532239484254,-0.005839554962518978,-0.034966001141828934,0.09538792010557523,-0.00898424705915557,-0.03557662237938303,0.10469408686922613,-0.013065950059686582,-0.03084456244051026,0.09391592701273291,-0.012250021508680597,-0.03187622650435226,0.09360423418426977,-0.007662190387239476,-0.033362596466464445,0.09359959034108428,-0.017324294291843678,-0.026660082980646205,0.09820289111318092,-0.01650093632565741,-0.028626978759598354,0.09710292016691419,collarbone,3
3,-0.010382089546556617,-0.034205382027078124,0.1055313110149764,-0.00530490704558495,-0.004099748921783067,0.10362942705336756,-0.0030752244915283056,0.060610710326547766,0.0953570509093245,0.01929313982199421,0.11239487901228151,0.104005345222316,0.006519915783598673,0.1102479008257572,0.09589486027762761,-0.010779761572270966,-0.02528434029355442,0.10498475947318163,-0.012468858112958947,-0.026559567140857596,0.10574967076826944,-0.015935789789030652,-0.021636531359629854,0.10250783267547792,-0.005712107278601719,-0.036750583147630494,0.09891594988893984,-0.005849766086175157,-0.03576842924950063,0.09621491687232937,-0.00581246565592386,-0.034787664732229884,0.09522647657967752,-0.00898424705915557,-0.03557662237938303,0.10469408686922613,-0.01332497295504409,-0.030818050421380735,0.09395283447281398,-0.012823999520762297,-0.03091240727211189,0.09397983284246007,-0.009199062407224678,-0.03249885139956615,0.09239402921352347,-0.017586891689235107,-0.02624789240905795,0.09930986297866845,-0.016832763954701124,-0.02815587139273279,0.09760117879428548,collarbone,3
4,-0.011130448436178608,-0.03398249375273715,0.1055397685285119,-0.00602563383525867,-0.004224036495845185,0.10353213983841189,-0.002992751549170891,0.06065348446526406,0.09527807885511647,0.019173487115087817,0.11260922589486355,0.10406851345898033,0.006550984909929447,0.11022920618236137,0.0958747433819171,-0.009799135935535917,-0.024160757176691416,0.10509573824404772,-0.01090909109312388,-0.0260000962937207,0.10566521915809349,-0.01248934613511532,-0.024256549781377007,0.10543123157599998,-0.005805865233316387,-0.03663762822439193,0.09833288381721425,-0.005385412031033043,-0.035328558322647696,0.09567736415303335,-0.006023380735339368,-0.03451078470287727,0.09500015984085888,-0.009063477147160381,-0.0357894146734099,0.10409785707639535,-0.013152480337802475,-0.03050560340559888,0.09403650641264641,-0.01346049735881294,-0.029926712549193255,0.09451090470794214,-0.010853397370296225,-0.031163940465862128,0.09249964119804449,-0.01835637391468925,-0.026371623148178314,0.10120548561828108,-0.017905598294450376,-0.027043903190164476,0.0987746553529944,collarbone,3
5,-0.010931656330473993,-0.03404420832680216,0.10555301114183047,-0.005277041729616072,-0.0040624493265735695,0.10373097634391139,-0.003125402219470441,0.060506906081050485,0.0951173989041082,0.019600369340752932,0.11237962074274255,0.10407796570342237,0.007154638198753616,0.11010895239496254,0.09604200047766065,-0.00946906214248831,-0.020611173752529188,0.10480366270735315,-0.009183056444639237,-0.026930694139101055,0.10545497581087182,-0.011764304600991426,-0.024434918041401868,0.1051645358122712,-0.006004677796914271,-0.036248708207144154,0.09721447879546587,-0.006377338034973201,-0.034879965888923004,0.09517900232798528,-0.007313205340676365,-0.03403674637588411,0.0945117698807998,-0.00818517491576376,-0.036656489435600736,0.10202090997806279,-0.014861708068097945,-0.029594248328522074,0.09614852115286981,-0.01438123823040216,-0.029867246864199948,0.09540694600706578,-0.010853397370296225,-0.031163940465862128,0.09249964119804449,-0.01835637391468925,-0.026371623148178314,0.10120548561828108,-0.017905598294450376,-0.027043903190164476,0.0987746553529944,collarbone,3
6,-0.011565728797111485,-0.03384658781218958,0.10550420406970362,-0.005536540937421286,-0.004148744643192648,0.1036248442142901,-0.002974901463906332,0.060561696226254916,0.0952407689180936,0.019183422200205857,0.11262561225782147,0.10396419244022681,0.0068965362525766905,0.11014914186053015,0.09601711967776017,-0.008115482945411145,-0.015031087223468242,0.10369225444977978,-0.005886539753381492,-0.026358378072786265,0.10556690801574495,-0.013866031050348115,-0.02289691954775616,0.1043441214919365,-0.006720076057837421,-0.035697999313167736,0.09615487499756212,-0.006377338034973201,-0.034879965888923004,0.09517900232798528,-0.007313205340676365,-0.03403674637588411,0.0945117698807998,-0.0068833512191377455,-0.03692334358780269,0.10085461184740573,-0.015314242324721894,-0.029519492183530407,0.09656842975367538,-0.015142981063057559,-0.029459261506057557,0.09667709558188654,-0.014035996585692434,-0.029813241890641717,0.09472685939044073,-0.018876780234640234,-0.02846093102052416,0.10421080590086901,-0.018724825956898283,-0.026718456285421965,0.1003430222906675,collarbone,3
7,-0.011217482464189965,-0.03393072157394661,0.10555006182114843,-0.005361395673142644,-0.004090687090808745,0.10364303483882972,-0.0030431397863045495,0.06044456806855208,0.0952457294128336,0.019183422200205857,0.11262561225782147,0.10396419244022681,0.007205332556810662,0.11009834573443011,0.09608432901105068,-0.005182897805813366,-0.008741329942596132,0.10504512896114246,-0.004324407362545579,-0.027153369862953983,0.10583547349178171,-0.01548670788496731,-0.02166067737097324,0.10222168822838984,-0.006720076057837421,-0.035697999313167736,0.09615487499756212,-0.008721500037436991,-0.03378114436955626,0.0937290020826015,-0.007313205340676365,-0.03403674637588411,0.0945117698807998,-0.0068833512191377455,-0.03692334358780269,0.10085461184740573,-0.01607793445723016,-0.028762462768189653,0.09695452482471056,-0.016501339029295514,-0.028695548221700784,0.09818754048940903,-0.01643584364340095,-0.028455690502453945,0.09765235031731029,-0.018876780234640234,-0.02846093102052416,0.10421080590086901,-0.018821473234578057,-0.028687247016476125,0.10457918749529321,collarbone,3
8,-0.01145349575085508,-0.03390241271368277,0.10553143545213413,-0.005603127055607837,-0.00417998417244661,0.1036522439575206,-0.003117622570384504,0.0603634527110834,0.09526599592405938,0.02017762582303062,0.11227528371093903,0.10424170025967713,0.006594485459235244,0.1102317352789135,0.09589448278494228,-0.005084093714463285,-0.0028963441264225898,0.1050088778297062,-0.004324407362545579,-0.027153369862953983,0.10583547349178171,-0.013657319180273797,-0.020763556761517567,0.09920697196050798,-0.008436965572901745,-0.03391339342143042,0.0942689733018551,-0.010508053976027498,-0.03288847055755484,0.09334488432581815,-0.007532176297156634,-0.033984452329598624,0.09436846385520893,-0.005123338564690605,-0.03650459682719828,0.09838219876640172,-0.017162166128114942,-0.027723616552060473,0.09803584929594723,-0.016512938579346326,-0.027990911139378405,0.09867849473851775,-0.017647680384488273,-0.02707455470443393,0.09907269208678726,-0.01838881610864751,-0.02916927181075135,0.10469327187188424,-0.018821473234578057,-0.028687247016476125,0.10457918749529321,collarbone,3
9,-0.011241878090377577,-0.03389512961137364,0.10560066890276781,-0.005426741665387591,-0.004158299960919626,0.10363717403085779,-0.003328034854999551,0.06025982684354172,0.09518842226656027,0.02017762582303062,0.11227528371093903,0.10424170025967713,0.00707401037307076,0.11012556561018327,0.09603958218966957,-0.004526250747562487,0.0027084113397127796,0.10580401283708535,-0.0010237287568176656,-0.029444188863545412,0.1052954817762915,-0.012538733153841797,-0.020632441977893955,0.09846122486734565,-0.008436965572901745,-0.03391339342143042,0.0942689733018551,-0.010508053976027498,-0.03288847055755484,0.09334488432581815,-0.009839771829079247,-0.033037518711717895,0.09309378089753982,-0.005123338564690605,-0.03650459682719828,0.09838219876640172,-0.017212171001117715,-0.027052022765469252,0.09855707863987302,-0.017529299436366053,-0.028006797842109354,0.09936130695476614,-0.017617868160015537,-0.027591506812890132,0.09951289370860428,-0.015564603104868069,-0.030713154566232415,0.10588880195000569,-0.01846892821026125,-0.029831688688762237,0.1048945714552188,collarbone,3
10,,,,,,,,,,,,,,,,-0.004533486139064784,0.002811925679334859,0.10573390676205517,0.00031740843121996765,-0.027367906482053783,0.10530200312723945,-0.013357483108722756,-0.019447082134503406,0.1001681829562191,-0.009322060870050608,-0.03362837594972015,0.09365529147032611,-0.010508053976027498,-0.03288847055755484,0.09334488432581815,-0.0097483268908789,-0.03295593535016539,0.09306316433093842,-0.007128128049900817,-0.03454874626942803,0.09478089284451349,-0.01722121288500611,-0.027429912455072467,0.09906647193928543,-0.017473252361384195,-0.02935879479191117,0.101588891396301,-0.017617868160015537,-0.027591506812890132,0.09951289370860428,-0.015552474539931471,-0.03143672968611827,0.10561172711560365,-0.01846892821026125,-0.029831688688762237,0.1048945714552188,collarbone,3
11,,,,,,,,,,,,,,,,-0.004650393197367979,0.003974407346064246,0.10563812169422199,-0.0013881257117043244,-0.02609704189126416,0.10548747142270684,-0.013376027419441328,-0.019354530319597878,0.10107542651539486,-0.0117996590664321,-0.03136984205499535,0.09324269588276589,-0.011067598346077845,-0.03248316992923092,0.09319517859530896,-0.01050923179597918,-0.03238265114735858,0.09284758167261775,-0.008077836445048558,-0.033835296307482526,0.09416384349036061,-0.01813877539688269,-0.028402241003605375,0.10087126859372147,-0.01752559256795483,-0.02929865654001533,0.10161400550217381,-0.018952681834014218,-0.027461628498476054,0.10422695342259763,-0.015552474539931471,-0.03143672968611827,0.10561172711560365,-0.01846892821026125,-0.029831688688762237,0.1048945714552188,collarbone,3
12,,,,,,,,,,,,,,,,-0.004650393197367979,0.003974407346064246,0.10563812169422199,-0.0013881257117043244,-0.02609704189126416,0.10548747142270684,-0.013331385224578107,-0.019833884067409782,0.10335894080008567,-0.01287479401817515,-0.030641865898499404,0.0940397919240347,-0.011956852665281126,-0.031620329066092356,0.09317820237830014,-0.011064806694498275,-0.03138603658390077,0.09285576728453446,-0.008077836445048558,-0.033835296307482526,0.09416384349036061,-0.01805585852529268,-0.03014269612171959,0.10263695063372634,-0.01752559256795483,-0.02929865654001533,0.10161400550217381,-0.018952681834014218,-0.027461628498476054,0.10422695342259763,-0.015552474539931471,-0.03143672968611827,0.10561172711560365,-0.015819103159396053,-0.03146278798791674,0.10564818846250656,collarbone,3
13,,,,,,,,,,,,,,,,-0.0050654948873580935,0.006254957354031365,0.10593189845288138,-0.006465751458478164,-0.02385649763943523,0.10508995415503958,-0.010494107207077885,-0.022800178310584632,0.10517704412684642,-0.013837213112335323,-0.02998371998207025,0.09489973451800272,-0.013034553088529077,-0.030807121135771387,0.09419976872474872,-0.011064806694498275,-0.03138603658390077,0.09285576728453446,-0.008406172287793834,-0.033507691504435194,0.0937713208000508,-0.01800122103511803,-0.030803191463746424,0.10310580755364103,-0.01752559256795483,-0.02929865654001533,0.10161400550217381,-0.019424310705426717,-0.028110151098982405,0.10414035401389266,-0.012873789377918166,-0.0336941497624188,0.1049245039573854,-0.011890400442685967,-0.03318171965918709,0.10582258613233114,collarbone,3
14,,,,,,,,,,,,,,,,-0.0046296736059807594,0.010651942208008913,0.10655756034057669,-0.006261660713877459,-0.023591442387310896,0.10500816908984985,-0.010471899712108157,-0.0218611546307202,0.10507913039043826,-0.01455954349325117,-0.02988808987403667,0.0955808305989061,-0.013609382533077197,-0.03036373853657437,0.09457048117672315,-0.012798823814793137,-0.030930995603159428,0.09391007339630868,-0.013623970023393439,-0.030822641029773196,0.094248240626396,-0.017108485284677122,-0.03124800766926504,0.10284975250777877,-0.017191752204467003,-0.031382009510227224,0.10301662599223736,-0.018247908918476385,-0.02962240536934324,0.10532584249949484,-0.012873789377918166,-0.0336941497624188,0.1049245039573854,-0.01145388813506465,-0.03388570687611592,0.1054642790818997,collarbone,3
15,,,,,,,,,,,,,,,,-0.0034527452130059255,0.012112435956010303,0.10739002412681192,-0.008831056508935453,-0.022977900772021498,0.1050557875152654,-0.01090849173430919,-0.019756989483795964,0.10483470491486352,-0.01455954349325117,-0.02988808987403667,0.0955808305989061,-0.013747173945132918,-0.03010668430248528,0.09491198144733595,-0.012798823814793137,-0.030930995603159428,0.09391007339630868,-0.013623970023393439,-0.030822641029773196,0.094248240626396,-0.016229972313912433,-0.03222501134585949,0.10404860893704185,-0.01749751086880269,-0.030296551319752174,0.10242830382475615,-0.018007220123086642,-0.030616720557802124,0.1044803557727147,-0.008934093129280174,-0.035211647547378266,0.10473847944981138,-0.009350752370478,-0.03525625664593213,0.10476035286030277,collarbone,3
16,,,,,,,,,,,,,,,,-0.003502407224640229,0.014696723213775909,0.10682390964065686,-0.009669279688077959,-0.021989197889703938,0.10505741424496973,-0.01173845376795457,-0.017455261548900987,0.1032291844773317,-0.014978600331614134,-0.029644223656809993,0.0966018917409646,-0.013747173945132918,-0.03010668430248528,0.09491198144733595,-0.012798823814793137,-0.030930995603159428,0.09391007339630868,-0.01595485011012132,-0.029454171517953542,0.0965083584889865,-0.014667641950886101,-0.033095499713399285,0.1040455738128387,-0.01701661950155453,-0.030558297824595848,0.10224358423061114,-0.013509793706265871,-0.03376700360078194,0.10390119538869547,-0.0038605237404589765,-0.036665445080279246,0.09767466418379198,-0.009022701817780865,-0.03561458363395986,0.10438222136178013,collarbone,3
17,,,,,,,,,,,,,,,,-0.003054738133495799,0.01886015205755376,0.10559346301277561,-0.010597524945281878,-0.01892851194495082,0.10423491769163978,-0.011341936726791069,-0.015441559019680848,0.09953222744678902,-0.016344074374703532,-0.02857322926475464,0.0980547260652225,-0.01443288309837032,-0.030407155571626265,0.0956848929672435,-0.013224123852634273,-0.030887301948414436,0.09403782163803719,-0.01595485011012132,-0.029454171517953542,0.0965083584889865,-0.013174831612191462,-0.03372460721736113,0.10493552312489701,-0.01701661950155453,-0.030558297824595848,0.10224358423061114,-0.013509793706265871,-0.03376700360078194,0.10390119538869547,-0.0034055222916036243,-0.0368881603726775,0.0970185070671829,-0.007284412151353892,-0.03629634237076412,0.10336325541575486,collarbone,3
18,,,,,,,,,,,,,,,,-0.0034537261222157348,0.021494923947752098,0.10458562347989411,-0.010597524945281878,-0.01892851194495082,0.10423491769163978,-0.011341936726791069,-0.015441559019680848,0.09953222744678902,-0.016344074374703532,-0.02857322926475464,0.0980547260652225,-0.01443288309837032,-0.030407155571626265,0.0956848929672435,-0.01453887761673589,-0.030041403718120918,0.09534205066253568,-0.016821403356930276,-0.02811545742103483,0.09788183026758776,-0.012528360381080073,-0.034221153471300614,0.10471646703014992,-0.016388599232120105,-0.03175062316679088,0.10321144880208702,-0.007207315584018326,-0.03616443342472958,0.1033986727882602,-0.0047025264691885615,-0.03582981845356564,0.09568679650862894,-0.007671227932769864,-0.036661913221254616,0.10217184015002823,collarbone,3
19,,,,,,,,,,,,,,,,-0.003189721386694176,0.022266234689684694,0.10453737478349082,-0.006342145675319544,-0.0191251935651586,0.10575036515666597,-0.010019371816014755,-0.015587325361170697,0.09889509689651882,-0.016583064736844566,-0.02791053210069115,0.09829353901955405,-0.01509322445368444,-0.029744515953256195,0.09657162823974577,-0.01453887761673589,-0.030041403718120918,0.09534205066253568,-0.01826723624843818,-0.026870529269930277,0.09943331602111835,-0.011164828285090134,-0.0347463444572836,0.10502316107514235,-0.016418650429472215,-0.032057951167799484,0.10369569590497273,-0.007322415764121515,-0.036022323367168485,0.10361564271979373,-0.0047025264691885615,-0.03582981845356564,0.09568679650862894,-0.006364978907225094,-0.03695096949109522,0.10027194221585711,collarbone,3
20,,,,,,,,,,,,,,,,-0.0031365086047407814,0.025831812116828168,0.10391569842646453,-0.003307438914753935,-0.020527123413501602,0.10566976776509668,-0.0111530131504326,-0.01522609109899653,0.09917056571166682,-0.016583064736844566,-0.02791053210069115,0.09829353901955405,-0.015819370888582207,-0.029016611112170743,0.09779153518430495,-0.015312324406987932,-0.029656175410273655,0.09650102173861252,-0.01886345757348773,-0.02707468302451657,0.10046641025933867,-0.009821708551129738,-0.03572621239260779,0.10416559202398917,-0.016347637092850698,-0.03226919900139999,0.1042620987753636,-0.007322415764121515,-0.036022323367168485,0.10361564271979373,-0.006423896225587478,-0.03299555729550735,0.0931102728602963,-0.006364978907225094,-0.03695096949109522,0.10027194221585711,collarbone,3
21,,,,,,,,,,,,,,,,-0.003469206992226345,0.028110216011227318,0.1030934791729371,-0.0007248162770968625,-0.02178546499981332,0.10593729258703219,-0.0111530131504326,-0.01522609109899653,0.09917056571166682,-0.01683181236402642,-0.027347916182491314,0.09861195805428376,-0.016393851854289543,-0.02839398252988362,0.09836617128454289,-0.01559051748071838,-0.0292145224219508,0.09703552879486543,-0.019344126959979557,-0.028495187825049173,0.10180443031903234,-0.008259852414193358,-0.036134071822168504,0.1040434028687926,-0.013817289034276037,-0.0331143254490088,0.10522341776015955,-0.007322415764121515,-0.036022323367168485,0.10361564271979373,-0.006423896225587478,-0.03299555729550735,0.0931102728602963,-0.005963970883105851,-0.03657485527683507,0.09884490646675576,collarbone,3
22,,,,,,,,,,,,,,,,-0.003470082936377815,0.030919806776033343,0.1030804407557605,-0.0005604524119902088,-0.02183948896231988,0.10594407023791898,-0.0111530131504326,-0.01522609109899653,0.09917056571166682,-0.01683181236402642,-0.027347916182491314,0.09861195805428376,-0.017159931659937344,-0.027685576836037173,0.09917797103585306,-0.015771182373814363,-0.028916273499738077,0.09740720996888697,-0.01900517769498089,-0.030045092411727037,0.10300904668272554,-0.007495982634912024,-0.036512558414959595,0.10371881572178598,-0.01244530822256551,-0.033761219780441803,0.10534630206011372,-0.007251115773242889,-0.036525707839891286,0.1027359615557698,-0.011765976306400083,-0.030584488136598698,0.09208524796723044,-0.00552208388637121,-0.036408350611277784,0.09821906347441806,collarbone,3
23,,,,,,,,,,,,,,,,-0.003470082936377815,0.030919806776033343,0.1030804407557605,-0.0005604524119902088,-0.02183948896231988,0.10594407023791898,-0.01130982992330365,-0.01580359084270603,0.10311821501581431,-0.01793209393377726,-0.026452862031641378,0.10018235896238314,-0.017597079081926204,-0.028232312227452427,0.10034827500839374,-0.016569296580517867,-0.028547732700435924,0.09787742297223555,-0.015970300411592087,-0.03224835608891327,0.10509571564083282,-0.006524749066102453,-0.036966785253615644,0.10237300480804168,-0.01244530822256551,-0.033761219780441803,0.10534630206011372,-0.006034569746202312,-0.037254173783815236,0.10144484299825379,-0.013852202081044318,-0.02910002809764567,0.09324944185578618,-0.006906730686958351,-0.0335465777037352,0.09410413973993781,collarbone,3
24,,,,,,,,,,,,,,,,-0.003470082936377815,0.030919806776033343,0.1030804407557605,0.0013958683603439992,-0.022876146515462548,0.10611057513983105,-0.009818312464722756,-0.017200835341943145,0.10404279856309478,-0.018251662138488944,-0.027632932245997124,0.10071058942157118,-0.017842858626471947,-0.028386971206420447,0.10132524467536536,-0.016587029092448802,-0.02822107467929008,0.09806168058675493,-0.01558909641586892,-0.032397161686434334,0.10521942163603218,-0.005266848129184543,-0.037346799619459914,0.10036043071162724,-0.010182759569508981,-0.03451422566317719,0.10546861731258055,-0.004991299129834981,-0.037073466014997225,0.0993876359473804,-0.016632340667563694,-0.02876076532961419,0.09687096160490896,-0.007702297424931004,-0.033106994487231756,0.09362912633400977,collarbone,3
25,,,,,,,,,,,,,,,,-0.0029186975895906797,0.044693405922928364,0.10351953653676016,0.003516177893109651,-0.02239269394389473,0.10610891635804022,-0.009252434834721712,-0.01685428747957461,0.10399688012039981,-0.018336573251512833,-0.02839675882433046,0.10143341586059762,-0.017842858626471947,-0.028386971206420447,0.10132524467536536,-0.016633621855041913,-0.027912418441680575,0.0985579999479249,-0.015364877660047904,-0.03281639347476911,0.10535802688732607,-0.004970345400142406,-0.036897883318005906,0.09893614095855022,-0.009288728562513948,-0.03516289456967324,0.10531633051733601,-0.004374154872733627,-0.03701103099352754,0.09877093896394487,-0.016632340667563694,-0.02876076532961419,0.09687096160490896,-0.00828415045082631,-0.032714128305590895,0.09290365703116232,collarbone,3
26,,,,,,,,,,,,,,,,-0.0029186975895906797,0.044693405922928364,0.10351953653676016,0.005104830767670321,-0.021704299404641997,0.10592313256621481,-0.009069746740993923,-0.01689136520307706,0.10413879104055346,-0.01833058788069658,-0.028477540980151872,0.10144079813371965,-0.017842858626471947,-0.028386971206420447,0.10132524467536536,-0.016633621855041913,-0.027912418441680575,0.0985579999479249,-0.015364877660047904,-0.03281639347476911,0.10535802688732607,-0.005233586130311441,-0.03523670190167044,0.09559986451175428,-0.006780660691319773,-0.03704017889394534,0.10243435804291647,-0.0036120390602776276,-0.03494536029033668,0.09486319092671938,-0.016180660022074855,-0.028739121805299916,0.09672195785401247,-0.00828415045082631,-0.032714128305590895,0.09290365703116232,collarbone,3
27,,,,,,,,,,,,,,,,-0.002795326050895025,0.044360573802679215,0.10369515260696854,0.005154797946580136,-0.020115292855433578,0.10650294326714435,-0.009629947142067885,-0.01610964751616452,0.10385671295704058,-0.01845759429410887,-0.028560593708404636,0.10124609068414347,-0.01796518471626113,-0.0294794944619014,0.10238725793088921,-0.017016614103251837,-0.027708486391164466,0.09896441699011063,-0.01049167452324884,-0.0344128068021346,0.10559320042363923,-0.005459565591304227,-0.03515125219434323,0.09553480363246691,-0.006780660691319773,-0.03704017889394534,0.10243435804291647,-0.0036120390602776276,-0.03494536029033668,0.09486319092671938,-0.017532411052536667,-0.02670668613259175,0.0980956961963142,-0.00828415045082631,-0.032714128305590895,0.09290365703116232,collarbone,3
28,,,,,,,,,,,,,,,,-0.0024346219346399744,0.047895770507986324,0.10372169241575868,0.005154797946580136,-0.020115292855433578,0.10650294326714435,-0.011116294772686497,-0.015089232080966977,0.10263442501956344,-0.01829782246380285,-0.02899801166576821,0.1014822612853179,-0.018186409506655954,-0.029731261586175783,0.10215875251520534,-0.01748116549371126,-0.027682646346831596,0.09961648742950789,-0.009739971985397444,-0.03497280103609968,0.10523672893612518,-0.007562903887901817,-0.034011288644898205,0.09436855043521541,-0.005179041489918101,-0.03708504150388442,0.09976598608386214,-0.006558310006876122,-0.03330972605505361,0.09352140647142715,-0.017532411052536667,-0.02670668613259175,0.0980956961963142,-0.012859691358017566,-0.030154879713672977,0.09290275349484542,collarbone,3
29,,,,,,,,,,,,,,,,-0.002668566914588187,0.05237156436493062,0.1027141476177991,-0.0006967232686837521,-0.017724961358429547,0.10607412371142519,-0.011116294772686497,-0.015089232080966977,0.10263442501956344,-0.018166637259081575,-0.02986115353427099,0.10231938176012462,-0.018018385386152858,-0.029717277715763546,0.10242822433071108,-0.018078167650804833,-0.027865375288287114,0.1005924237188156,-0.009739971985397444,-0.03497280103609968,0.10523672893612518,-0.007562903887901817,-0.034011288644898205,0.09436855043521541,-0.004648019575666518,-0.03700346678519924,0.09917748863889009,-0.006558310006876122,-0.03330972605505361,0.09352140647142715,-0.01740536455941588,-0.026441351775498556,0.09796006403952467,-0.014324479433642012,-0.02961957419609801,0.09420396165512951,collarbone,3
30,,,,,,,,,,,,,,,,-0.0027284970983067133,0.05311382452351543,0.10264432949720861,-0.0006967232686837521,-0.017724961358429547,0.10607412371142519,-0.00964377542393069,-0.014252573920230119,0.10115294982568729,-0.017360868144186026,-0.0303813034809734,0.10219351886614286,-0.01728368460012797,-0.030544167811305756,0.10251375839934784,-0.018567616922409158,-0.028206430581114134,0.10152823866185103,-0.009739971985397444,-0.03497280103609968,0.10523672893612518,-0.00973875329615903,-0.0335674686767945,0.09346138842483037,-0.004984822948009504,-0.0351462740245298,0.09546206813671368,-0.006558310006876122,-0.03330972605505361,0.09352140647142715,-0.017944143780237787,-0.026134947946926668,0.09832744548082437,-0.015854488252295407,-0.029203977066160514,0.09616652636350836,collarbone,3
31,,,,,,,,,,,,,,,,-0.0019485791128567714,0.059490150587054424,0.1025286770221028,-0.0019094355793037865,-0.01779215951692842,0.1058833897376874,-0.009401391471257958,-0.013729158773860897,0.0998978092400053,-0.016627986140675344,-0.031205638954974524,0.10345708663252717,-0.01690443486024157,-0.03135120507895861,0.10326001173423838,-0.018567616922409158,-0.028206430581114134,0.10152823866185103,-0.0054934168926217275,-0.03671851701159465,0.0992824925870127,-0.00973875329615903,-0.0335674686767945,0.09346138842483037,-0.005369293620481219,-0.03453738498995147,0.09458458862595427,-0.007875401318595543,-0.0323737872684689,0.09235312193259482,-0.017944143780237787,-0.026134947946926668,0.09832744548082437,-0.015854488252295407,-0.029203977066160514,0.09616652636350836,collarbone,3
32,,,,,,,,,,,,,,,,-0.0012590649244645785,0.06392327539659415,0.10173605919643636,-0.0024298494629941825,-0.01763143912862683,0.10586791893235786,-0.009650749567791106,-0.012416548038060457,0.10032078334607825,-0.01685306921795532,-0.031833711828658795,0.10451623730289916,-0.016862136951264595,-0.03184048220108682,0.10376632312334633,-0.01781869551509596,-0.029435920401396642,0.10196242081967896,-0.0054934168926217275,-0.03671851701159465,0.0992824925870127,-0.011715879402816931,-0.03217923569276926,0.09318366716389474,-0.007013545909786645,-0.03382198467781555,0.0937045649581808,-0.011024558397368822,-0.03114772983063685,0.09275707917636644,-0.01894803098086162,-0.025875784272602342,0.10097143505516826,-0.016762215081794762,-0.028327144784294545,0.09678771161045713,collarbone,3
33,,,,,,,,,,,,,,,,-0.001485107533427607,0.06626827025513793,0.10112678690448759,-0.005156193812725585,-0.01674243005392434,0.10561779177106406,-0.009902439837915944,-0.012628906145792027,0.10176067693617802,-0.01522012072811546,-0.03194621538728715,0.1054294295137968,-0.016862136951264595,-0.03184048220108682,0.10376632312334633,-0.017478479587203166,-0.02966634660663367,0.10199421194141542,-0.005479288753804434,-0.0366568884785467,0.09903773204349216,-0.014194876755044494,-0.029860347275659976,0.09510375143380696,-0.00987302749982244,-0.03317272887821317,0.0931746089141488,-0.01273599757835775,-0.030191839352614602,0.09334007480976483,-0.01886330847696438,-0.025907757988224978,0.10094227738760575,-0.017906382309416213,-0.02649921115475684,0.09849987235402441,collarbone,3
34,,,,,,,,,,,,,,,,-0.0024147893433810116,0.05550535844020765,0.10188870678641931,-0.005156193812725585,-0.01674243005392434,0.10561779177106406,-0.007869134424567381,-0.014800876085306808,0.10435077177955887,-0.014465466263367088,-0.03244279717633475,0.10586122600980419,-0.015871520002655015,-0.03193163248650999,0.10537520275269296,-0.01788096306093856,-0.028086910836489787,0.10155102427758916,-0.005476457963524695,-0.03612898423239752,0.09715143979900162,-0.015689384100963433,-0.029277334792392154,0.09693220913596726,-0.011754293393389958,-0.03160844054022044,0.09313139569722878,-0.0137016272805347,-0.029740114380900573,0.09451259962992481,-0.01861753495248153,-0.026266333167549893,0.10395166055796182,-0.017906382309416213,-0.02649921115475684,0.09849987235402441,collarbone,3
35,,,,,,,,,,,,,,,,-0.002477023168140538,0.05578858631552508,0.10194226143157503,-0.0077965857937761784,-0.014349088672286042,0.10428520777523353,-0.007443308397213744,-0.014791299043293474,0.10459877768935649,-0.013228361024409774,-0.03342318357167079,0.10521225006330054,-0.015871520002655015,-0.03193163248650999,0.10537520275269296,-0.01788096306093856,-0.028086910836489787,0.10155102427758916,-0.005631893493106888,-0.03518121390284781,0.09580738099830544,-0.01527824425154889,-0.029293660889984766,0.09699107164786083,-0.012482683057428612,-0.031062827599490708,0.09391354219838229,-0.0137016272805347,-0.029740114380900573,0.09451259962992481,-0.01850058197408888,-0.02677101619314859,0.10388896193417224,-0.01904178240416432,-0.02772385458779497,0.10046900058704455,collarbone,3
36,,,,,,,,,,,,,,,,-0.002477023168140538,0.05578858631552508,0.10194226143157503,-0.0077965857937761784,-0.014349088672286042,0.10428520777523353,-0.007443308397213744,-0.014791299043293474,0.10459877768935649,-0.012715173637936728,-0.03377965130144989,0.10532500848808335,-0.015103673195389244,-0.03225252860646638,0.10543193469870749,-0.01825413319054192,-0.028243644316892302,0.10142256605794953,-0.005631893493106888,-0.03518121390284781,0.09580738099830544,-0.01527824425154889,-0.029293660889984766,0.09699107164786083,-0.012482683057428612,-0.031062827599490708,0.09391354219838229,-0.0137016272805347,-0.029740114380900573,0.09451259962992481,-0.018254612420264826,-0.02681130508480062,0.10485192123594966,-0.019339532134029502,-0.027369496571989005,0.10281602038585677,collarbone,3
37,,,,,,,,,,,,,,,,-0.002178111628506882,0.05712009713607624,0.10175829192804348,-0.006504201240481455,-0.01323006100834817,0.1047692326980286,-0.007851323489471707,-0.009466807788268722,0.1009503333581156,-0.011484922185953539,-0.034276253672055224,0.1053247915466079,-0.014719673508997833,-0.033072640219567906,0.10550178880644534,-0.017970952003345753,-0.028364166188134476,0.1015022112792584,-0.005631893493106888,-0.03518121390284781,0.09580738099830544,-0.017303053373442623,-0.02709445801968466,0.09856170251371134,-0.012482683057428612,-0.031062827599490708,0.09391354219838229,-0.01434819897571371,-0.029674144710186035,0.09523295984033794,-0.018254612420264826,-0.02681130508480062,0.10485192123594966,-0.019339532134029502,-0.027369496571989005,0.10281602038585677,collarbone,3
38,,,,,,,,,,,,,,,,-0.002178111628506882,0.05712009713607624,0.10175829192804348,-0.001388113992805029,-0.01447720919957346,0.10648983646873814,-0.0069818108570041115,-0.007998196130338177,0.10115633555817838,-0.010448254776716404,-0.0344819488320145,0.1054330342085733,-0.01332471256924811,-0.03342449775982742,0.10530202069300348,-0.01783906789093226,-0.02888844312307237,0.10170379179736616,-0.012000836644527224,-0.0319588218481939,0.09316239955623293,-0.017310012350005288,-0.027001135730882475,0.09905219852245754,-0.014955641272291653,-0.029530305529590073,0.09652001638798496,-0.014939161847260296,-0.029422968663997295,0.09624792132660864,-0.018254612420264826,-0.02681130508480062,0.10485192123594966,-0.01840572490276715,-0.028968273998812466,0.10468518639810628,collarbone,3
39,,,,,,,,,,,,,,,,-0.0015567671381105722,0.061456262480224955,0.10133671320634949,-0.001388113992805029,-0.01447720919957346,0.10648983646873814,-0.0069818108570041115,-0.007998196130338177,0.10115633555817838,-0.00943560652544534,-0.03492453438095211,0.10531517270384749,-0.012939891130714365,-0.033022616603662236,0.10606746924034771,-0.01812528217554077,-0.029288448984305437,0.10195854060750498,-0.012000836644527224,-0.0319588218481939,0.09316239955623293,-0.018175790081533028,-0.02709223155394326,0.10036440604675263,-0.01711569287300385,-0.027625714025204806,0.09915383588381843,-0.0176645773047317,-0.02634578033345658,0.09865594970333952,-0.017897835556691444,-0.0270665917979514,0.10483374745451438,-0.017029934630256927,-0.030680332469351923,0.10585806963741332,collarbone,3
40,,,,,,,,,,,,,,,,-0.00024461890878211406,0.07068375602105215,0.10055124819704975,0.001489002740715395,-0.016395541640146255,0.106421544920737,-0.005017372701160205,-0.010194225510154753,0.10565127045604805,-0.008880128193399006,-0.03570210033210086,0.10449749275263354,-0.012939891130714365,-0.033022616603662236,0.10606746924034771,-0.01739123796652997,-0.029910374355932745,0.10267654233579404,-0.013441219784610658,-0.03032622149740205,0.09367989381163969,-0.01821678729833842,-0.02869149038678387,0.10138707938223056,-0.01711569287300385,-0.027625714025204806,0.09915383588381843,-0.017838145722259502,-0.02625215500514072,0.0988999717077218,-0.015277244728015837,-0.029556518433867585,0.10632845461914339,-0.015621995554541135,-0.031124092683791238,0.1058700264865817,collarbone,3
41,,,,,,,,,,,,,,,,0.0004024908292992388,0.07288483756888042,0.10056518374759041,0.003067267873524071,-0.016619947149642544,0.10679906904546912,-0.0048028417410139745,-0.009886703248010123,0.1055481571110286,-0.007994693932403707,-0.036051034452292796,0.10352165800305102,-0.012070521427039682,-0.033469092583723214,0.1058496074485884,-0.017088834387835483,-0.0312379761619197,0.10355977189885601,,,,,,,-0.017336028761467337,-0.027790721141202304,0.09928439653792648,-0.017838145722259502,-0.02625215500514072,0.0988999717077218,-0.015277244728015837,-0.029556518433867585,0.10632845461914339,-0.014254702201691671,-0.03206084487410199,0.1060172185284847,collarbone,3
42,,,,,,,,,,,,,,,,0.002554268305000329,0.07731055633426764,0.10097738931560307,0.003931274577788302,-0.016654589815864623,0.10702619892040821,-0.006166701866441859,-0.009930537091689055,0.10498203040718179,-0.006589112265054986,-0.03693780529469343,0.10229977057842699,-0.012070521427039682,-0.033469092583723214,0.1058496074485884,-0.01761756095864897,-0.030798140130066376,0.10498322453870679,,,,,,,-0.017336028761467337,-0.027790721141202304,0.09928439653792648,-0.018465634267749054,-0.026091855311584478,0.09998022636661485,-0.013518790623731514,-0.03118938147187955,0.10619543685934385,-0.013421028672592317,-0.03329519612464116,0.10534605836676847,collarbone,3
43,,,,,,,,,,,,,,,,0.00533495969783887,0.08869414610754167,0.09818921231080516,0.007995640376514568,-0.01730813144872237,0.10652267729549206,-0.015276146809849345,-0.02352027868282225,0.10138639534730276,-0.0065255034441991655,-0.03684398968287811,0.10227856476994912,-0.010852642392533252,-0.03325592411920042,0.10640542599326969,-0.017137866473517893,-0.031081344149392787,0.10514105771706456,,,,,,,-0.017790773037671737,-0.029756233126478224,0.10213773375687579,-0.018465634267749054,-0.026091855311584478,0.09998022636661485,-0.013518790623731514,-0.03118938147187955,0.10619543685934385,-0.011738884442712427,-0.03385589253203708,0.10532001750500058,collarbone,3
44,,,,,,,,,,,,,,,,0.00533495969783887,0.08869414610754167,0.09818921231080516,0.008449378191353829,-0.01698244588471054,0.10643894223466172,-0.015276146809849345,-0.02352027868282225,0.10138639534730276,-0.006075659576458503,-0.037017701003953296,0.10053623112518689,-0.010323671970208115,-0.03383198095869866,0.10628621578606279,-0.015382684073993347,-0.03261305223274458,0.10480469793683173,,,,,,,-0.0168035760440024,-0.03172263181569361,0.10398051950418893,-0.01900097108048704,-0.02648988444256639,0.10099563168038811,-0.011707490746625693,-0.03332161995618804,0.10543822110466528,-0.011073121404242547,-0.03431873450255096,0.10521414235089951,collarbone,3
45,,,,,,,,,,,,,,,,0.006067444379321385,0.09443745105152668,0.09578893164412425,0.004739454291048606,-0.014475262703478736,0.10715181472569252,-0.015117781587057233,-0.023561356636023073,0.10146227218947053,-0.006096997298161544,-0.03703008847307315,0.1003223932811585,-0.008733303140390558,-0.03525942340424992,0.10529573564316741,-0.014790560170221956,-0.03233797119415743,0.10515204737293798,,,,,,,-0.0168035760440024,-0.03172263181569361,0.10398051950418893,-0.019345654062748685,-0.026461322368716234,0.10152466131577306,-0.011707490746625693,-0.03332161995618804,0.10543822110466528,-0.011073121404242547,-0.03431873450255096,0.10521414235089951,collarbone,3
46,,,,,,,,,,,,,,,,0.006067444379321385,0.09443745105152668,0.09578893164412425,0.004004154047895447,-0.014153152559105625,0.1070485805213596,-0.01467634476116142,-0.0224667642267439,0.10014290723657837,-0.005786227945258127,-0.03660340202647755,0.09926699304292497,-0.008445112122025755,-0.035267410845639446,0.1054922488111531,-0.013202734627622337,-0.03341835402367582,0.105089224631681,,,,,,,-0.01685471234979863,-0.03118661721149696,0.1027861159541516,-0.019406838686446992,-0.02704838336749671,0.10282609835412004,-0.00989235270479183,-0.035463651284326825,0.10389097327050051,-0.008284192036060678,-0.03608354357018084,0.10311665126440905,collarbone,3
47,,,,,,,,,,,,,,,,0.006067444379321385,0.09443745105152668,0.09578893164412425,0.0024525043835228466,-0.013908694473594385,0.10691912864214421,-0.01207652791294378,-0.021562848771927545,0.09753267780363589,-0.005584745313414519,-0.03622324472101324,0.0976719520145245,-0.007980071247130738,-0.035809808914563035,0.10480008041026612,-0.01294322299226669,-0.03331256058608972,0.10525018079573906,,,,,,,-0.016655069582589443,-0.031461554838556796,0.10326384163618393,-0.01830519659276042,-0.027784702718112064,0.10542858431357252,-0.00989235270479183,-0.035463651284326825,0.10389097327050051,-0.008313763007024577,-0.03616827867172279,0.10297876894806934,collarbone,3
48,,,,,,,,,,,,,,,,0.008679445121645882,0.09819209644872051,0.08794986166501334,0.0024525043835228466,-0.013908694473594385,0.10691912864214421,-0.008692017905590377,-0.0226554966074336,0.09654254748761402,-0.005824948654263196,-0.03580530590719061,0.09673843130925042,-0.007980071247130738,-0.035809808914563035,0.10480008041026612,-0.012438140771141026,-0.03358049600516555,0.10551929141675262,,,,,,,-0.016655069582589443,-0.031461554838556796,0.10326384163618393,-0.018299648719479533,-0.028527367299560236,0.1060017872963066,-0.006427050384918531,-0.03713668199691467,0.10043913067378085,-0.008313763007024577,-0.03616827867172279,0.10297876894806934,collarbone,3
49,,,,,,,,,,,,,,,,0.008679445121645882,0.09819209644872051,0.08794986166501334,0.0024525043835228466,-0.013908694473594385,0.10691912864214421,-0.007048453726203996,-0.020380706369128004,0.09696752881823072,-0.006890069854454839,-0.03443497112321431,0.09477639723232845,-0.007776636499392087,-0.03632388592320168,0.10330100380193896,-0.01105228686651083,-0.03431067230850404,0.105266850271584,,,,,,,-0.016655069582589443,-0.031461554838556796,0.10326384163618393,-0.015417401212275306,-0.030930600980364042,0.10628856573510026,-0.0065249057073490935,-0.03711046165833748,0.10032903392480949,-0.006795526418102216,-0.03686694727424189,0.10059974076782663,collarbone,3
50,,,,,,,,,,,,,,,,0.008679445121645882,0.09819209644872051,0.08794986166501334,0.0003604235667397093,-0.014022379708019644,0.10645569030676638,-0.010755820741742417,-0.019386832287939804,0.09797743397411479,,,,-0.007776636499392087,-0.03632388592320168,0.10330100380193896,-0.010870031822067805,-0.03490896916443853,0.10464633373144888,,,,,,,-0.016655069582589443,-0.031461554838556796,0.10326384163618393,-0.013914122356033176,-0.03210248521367309,0.10609944282608738,-0.005415202017912901,-0.036632140223058884,0.09841340917899016,-0.005521671867084188,-0.03686057370777651,0.0995865042473702,collarbone,3
51,,,,,,,,,,,,,,,,0.008811781315232442,0.09390622847138486,0.08667912195950708,-0.003959552338329453,-0.01322328444491977,0.10608569033753597,-0.012667796690378319,-0.01970435636371573,0.09934606261715499,,,,-0.005737821280338451,-0.03695261095781294,0.10051080612896185,-0.009659239951526066,-0.03528160813899356,0.1044191710549296,,,,,,,-0.016957642810079165,-0.03156908507457021,0.10485155800153842,-0.011323568539390538,-0.03416567728444636,0.10514442895539242,-0.005415202017912901,-0.036632140223058884,0.09841340917899016,-0.005402486583093946,-0.03660485128356483,0.09838842897178407,collarbone,3
52,,,,,,,,,,,,,,,,0.008811781315232442,0.09390622847138486,0.08667912195950708,-0.005149942789953288,-0.01180610527468412,0.10495592504795868,-0.012865819905830023,-0.019235545424083844,0.10155711157513791,,,,-0.005737821280338451,-0.03695261095781294,0.10051080612896185,-0.009251154661259364,-0.035602775027924694,0.10436671133835265,,,,,,,-0.01677140808691513,-0.03174170064933013,0.10401643649987022,-0.011323568539390538,-0.03416567728444636,0.10514442895539242,-0.005285157445598765,-0.036307037335912784,0.09667563390429207,-0.005846839302836138,-0.035604120269175754,0.09637443616716462,collarbone,3
53,,,,,,,,,,,,,,,,0.008811781315232442,0.09390622847138486,0.08667912195950708,-0.005149942789953288,-0.01180610527468412,0.10495592504795868,-0.011866192019740707,-0.01780432653273717,0.10013649435629882,,,,-0.0060465224423046915,-0.0371867422567318,0.10001358725050191,-0.008115399529825873,-0.03610229919237118,0.10347337361877113,,,,,,,-0.01677140808691513,-0.03174170064933013,0.10401643649987022,-0.011458912407072974,-0.03417810703689561,0.1052757294634887,-0.005154905052449532,-0.035628611793681986,0.09564143561904834,-0.006725807192845545,-0.03447898611597272,0.09460734542063337,collarbone,3
54,,,,,,,,,,,,,,,,0.011769773889817314,0.09222366690743489,0.08446612190984915,-0.002753013279537142,-0.009607016174790345,0.1062912747122963,-0.010490772485918898,-0.017792325976092038,0.09851125082120556,,,,-0.005475732971439773,-0.0366787073643724,0.09906158719753988,-0.007679432556444099,-0.036301858200977644,0.1031409231116999,,,,,,,-0.01709223088762557,-0.03103726013246233,0.10244161458431528,-0.011364569093065713,-0.034657516500934904,0.10485338033735406,-0.006148790987377639,-0.03310786972548113,0.09422368769208639,-0.007578976022069361,-0.03312365718119059,0.0938018251596548,collarbone,3
55,,,,,,,,,,,,,,,,0.005676041745835789,0.08331440285829517,0.09003298702114015,-0.002753013279537142,-0.009607016174790345,0.1062912747122963,-0.008696901110633481,-0.018559114494682283,0.09768925747172454,,,,-0.005361566708589227,-0.03576341428081681,0.09672918262425184,-0.007472745609508724,-0.036520121901844727,0.10180519121686049,,,,,,,-0.01745015176016207,-0.030490508978678527,0.10231067744195743,-0.009013334165681508,-0.035981071409009635,0.10365749356556525,-0.006148790987377639,-0.03310786972548113,0.09422368769208639,-0.008701471057614318,-0.03258210642227216,0.09286842852348692,collarbone,3
56,,,,,,,,,,,,,,,,0.005676041745835789,0.08331440285829517,0.09003298702114015,-0.0011614317362383941,-0.010134378992679216,0.10699444356795876,-0.004934669028564542,-0.017210832939696885,0.09762221293574325,,,,-0.006604540242887591,-0.03484940013451432,0.09484436243777539,-0.007312684569074301,-0.03665837041286091,0.10172157697142975,,,,,,,-0.01745015176016207,-0.030490508978678527,0.10231067744195743,-0.007464196890014874,-0.03632258899937213,0.10308566572222905,-0.009636220130846418,-0.03110672230958189,0.09215078276979266,-0.010974019818892677,-0.031491371478039765,0.09234855305813763,collarbone,3
57,,,,,,,,,,,,,,,,0.005676041745835789,0.08331440285829517,0.09003298702114015,-0.0011614317362383941,-0.010134378992679216,0.10699444356795876,-0.008789537639403155,-0.014826446383714886,0.09835433648069349,,,,,,,-0.00651094773568095,-0.0368145977165758,0.10140204252579038,,,,,,,-0.017156172399239278,-0.03127888670534518,0.1027797105492905,-0.007313555187112186,-0.036545466349622635,0.10277452778353938,-0.009636220130846418,-0.03110672230958189,0.09215078276979266,-0.012511559476006795,-0.03046379898849444,0.09275660976298294,collarbone,3
58,,,,,,,,,,,,,,,,0.0008309410377483617,0.07081931077229442,0.0930620511954299,0.00015405324767592266,-0.00996202768969226,0.10715561876783239,-0.010206768169461422,-0.014357127453077656,0.09938860076123504,,,,,,,-0.006691200477923598,-0.03652272591521316,0.09945133342334622,,,,,,,-0.017156172399239278,-0.03127888670534518,0.1027797105492905,-0.007313555187112186,-0.036545466349622635,0.10277452778353938,,,,,,,collarbone,3
59,,,,,,,,,,,,,,,,0.000820243828811254,0.06001366187917001,0.0933096574219156,0.002699146191208368,-0.010210916696019007,0.10735604275247754,-0.010659684247153578,-0.014569781055288389,0.10162090558064907,,,,,,,-0.006619960438661643,-0.03649110789407245,0.09952106129058474,,,,,,,,,,-0.003573130771170052,-0.036552205862724896,0.09681222520850227,,,,,,,collarbone,3
60,,,,,,,,,,,,,,,,0.0050499055764800516,0.08233334290916372,0.09063721253564519,0.002699146191208368,-0.010210916696019007,0.10735604275247754,-0.010018213565264777,-0.01307976036256775,0.10106427430713943,,,,,,,-0.007205266040636982,-0.03599242235769479,0.0976941399239184,,,,,,,,,,-0.004095372848535228,-0.03626563942844707,0.09661934145290274,,,,,,,collarbone,3
61,,,,,,,,,,,,,,,,0.0050499055764800516,0.08233334290916372,0.09063721253564519,0.0039194191697331515,-0.009781898809025996,0.1074422373053669,-0.00937166267942513,-0.012506179680117857,0.1016680921991437,,,,,,,-0.007205266040636982,-0.03599242235769479,0.0976941399239184,,,,,,,,,,-0.004095372848535228,-0.03626563942844707,0.09661934145290274,,,,,,,collarbone,3
62,,,,,,,,,,,,,,,,0.004858772725948757,0.08247931435547451,0.09045371483101733,0.006158658400167272,-0.01163344730090568,0.10747992752474733,-0.007983020926536688,-0.012805071881299701,0.09944262989876633,,,,,,,-0.007205266040636982,-0.03599242235769479,0.0976941399239184,,,,,,,,,,-0.004095372848535228,-0.03626563942844707,0.09661934145290274,,,,,,,collarbone,3
63,,,,,,,,,,,,,,,,0.0045160639191727525,0.0810194495891291,0.0905969968664243,0.006286053822554205,-0.012184913703005285,0.10742613168951363,-0.004717176998234374,-0.012280692279879712,0.09852713216665636,,,,,,,-0.007616164209897303,-0.03564690399854992,0.0964104015524645,,,,,,,,,,-0.004853925231730227,-0.034777184898185765,0.09496997414072808,,,,,,,collarbone,3
64,,,,,,,,,,,,,,,,0.004141100262315456,0.08030733027136783,0.09086001602510402,0.004302378320133915,-0.012431495447988966,0.10735297612960852,-0.004219465946455947,-0.0065892954161279604,0.10050031050059956,,,,,,,-0.007841897826583177,-0.034761302519816184,0.09540629909573994,,,,,,,,,,-0.006894308388901371,-0.03285925566245901,0.09294392896505665,,,,,,,collarbone,3
65,,,,,,,,,,,,,,,,0.002680709299658801,0.07792979371746656,0.09215977187050897,0.002745771313116596,-0.01238088509794405,0.10696644940608949,-0.004746982498118224,-0.006515094538650512,0.10178169722787214,,,,,,,-0.007841897826583177,-0.034761302519816184,0.09540629909573994,,,,,,,,,,-0.006894308388901371,-0.03285925566245901,0.09294392896505665,,,,,,,collarbone,3
66,,,,,,,,,,,,,,,,0.0016748786138494065,0.07386184877092594,0.09216961576248472,0.002705697436161336,-0.011989894654933608,0.10699187706569732,-0.0062336174328442295,-0.007742439174022897,0.10356473303671543,,,,,,,,,,,,,,,,,,,-0.009748678769915697,-0.03147740926970427,0.09274601757095499,,,,,,,collarbone,3
67,,,,,,,,,,,,,,,,-5.008405241313518e-05,0.06959067519107198,0.09322951952220207,0.0010515272929121355,-0.011583709993177815,0.10696511204567483,-0.00600091006845116,-0.0063513952900453585,0.10407855114440452,,,,,,,,,,,,,,,,,,,-0.012202780676733416,-0.03025084427293251,0.0931153164608492,,,,,,,collarbone,3
68,,,,,,,,,,,,,,,,-0.001235933798162947,0.06478338062717814,0.09360637420370951,-0.0012105778357256458,-0.011247597653707364,0.1069785488911277,-0.0040963996942270375,-0.005912222751580876,0.10141677658893326,,,,,,,,,,,,,,,,,,,-0.014999192123193672,-0.029183363116604688,0.09601332759681963,,,,,,,collarbone,3
69,,,,,,,,,,,,,,,,-0.0017293871360840596,0.06148374189880024,0.09392783407997157,-0.0012105778357256458,-0.011247597653707364,0.1069785488911277,0.00023121256893621212,-0.00786789898548601,0.09946913269525103,,,,,,,,,,,,,,,,,,,-0.01533512344991328,-0.02910003441684722,0.09610548631819557,,,,,,,collarbone,3
70,,,,,,,,,,,,,,,,-0.002356316089777155,0.05737523005968348,0.09470372045037559,-0.0038001325331484814,-0.010521763359874453,0.10593461043790948,-0.0035310130700564324,-0.00496682743192195,0.10134013513714109,,,,,,,,,,,,,,,,,,,-0.01591240478308731,-0.028461517128218483,0.09679395333312063,,,,,,,collarbone,3
71,,,,,,,,,,,,,,,,-0.0009516344064849913,0.05426455894783966,0.09414511477887172,-0.005989970422210944,-0.011957272685249237,0.10467120249874376,-0.005278127571156754,-0.0028532964023317287,0.10325949190211307,,,,,,,,,,,,,,,,,,,-0.017286486584229155,-0.027290023548838194,0.09749723332786919,,,,,,,collarbone,3
72,,,,,,,,,,,,,,,,-0.00016420143244044727,0.05137330346460045,0.09467458481595778,-0.005989970422210944,-0.011957272685249237,0.10467120249874376,-0.00499691251152401,-0.0004122737446468072,0.10407651542000443,,,,,,,,,,,,,,,,,,,-0.017286486584229155,-0.027290023548838194,0.09749723332786919,,,,,,,collarbone,3
73,,,,,,,,,,,,,,,,-0.000834181499637543,0.04667472076437129,0.09552128448125113,-0.005989970422210944,-0.011957272685249237,0.10467120249874376,-0.005229703440798428,0.000884974458146448,0.10311315634142226,,,,,,,,,,,,,,,,,,,-0.017286272287858173,-0.02709532993466529,0.09743276339888599,,,,,,,collarbone,3
74,,,,,,,,,,,,,,,,-0.0021429918979020135,0.043251687323548116,0.0965242841191011,-0.005752098024696561,-0.01278958189958257,0.10473787388552239,-0.004842944118811809,0.0008344829900016615,0.10302590224900592,,,,,,,,,,,,,,,,,,,-0.017633406742148083,-0.026143060535757823,0.0985845184658812,,,,,,,collarbone,3
75,,,,,,,,,,,,,,,,-0.004017474106420171,0.03938149891181342,0.0995211410837869,-0.0014939850496515916,-0.017212728126632076,0.10583644738552013,,,,,,,,,,,,,,,,,,,,,,,,,,,,,,,collarbone,3
76,,,,,,,,,,,,,,,,-0.0026182166284200448,0.03658513180537748,0.09803003952718384,0.0012715249114269023,-0.019122085227399,0.10619206505553386,,,,,,,,,,,,,,,,,,,,,,,,,,,,,,,collarbone,3
77,,,,,,,,,,,,,,,,0.0002102953914344119,0.034719945491584636,0.09725807482391935,0.0012715249114269023,-0.019122085227399,0.10619206505553386,,,,,,,,,,,,,,,,,,,,,,,,,,,,,,,collarbone,3
78,,,,,,,,,,,,,,,,0.0011076057186478194,0.03140667520158902,0.09763742547768975,0.0029903163296436386,-0.02025751602261594,0.10637300985101372,,,,,,,,,,,,,,,,,,,,,,,,,,,,,,,collarbone,3
79,,,,,,,,,,,,,,,,0.0017025842771781763,0.0292695213844133,0.09775411831420483,0.004356256037755024,-0.022177470643841457,0.10600397890249239,,,,,,,,,,,,,,,,,,,,,,,,,,,,,,,collarbone,3
80,,,,,,,,,,,,,,,,0.00014232447618311994,0.027172289987526188,0.09823069147991986,0.004356256037755024,-0.022177470643841457,0.10600397890249239,,,,,,,,,,,,,,,,,,,,,,,,,,,,,,,collarbone,3
81,,,,,,,,,,,,,,,,-0.003211514874311261,0.026825085623360834,0.10011587501489222,0.003208013190399539,-0.023640602324174254,0.10572295029732201,,,,,,,,,,,,,,,,,,,,,,,,,,,,,,,collarbone,3
82,,,,,,,,,,,,,,,,-0.00367987436797107,0.023847047581037395,0.10153162030482199,0.0005386731770649078,-0.027045994615042673,0.10509911961686187,,,,,,,,,,,,,,,,,,,,,,,,,,,,,,,collarbone,3
83,,,,,,,,,,,,,,,,-0.00367987436797107,0.023847047581037395,0.10153162030482199,0.0005386731770649078,-0.027045994615042673,0.10509911961686187,,,,,,,,,,,,,,,,,,,,,,,,,,,,,,,collarbone,3
84,,,,,,,,,,,,,,,,-0.00083846291773082,0.01706336139906306,0.09897622441385362,-0.0015803938754164193,-0.027725643933382976,0.10522183685012895,,,,,,,,,,,,,,,,,,,,,,,,,,,,,,,collarbone,3
85,,,,,,,,,,,,,,,,-0.001560474676574053,0.011584700773023537,0.0997185622183028,-0.0015803938754164193,-0.027725643933382976,0.10522183685012895,,,,,,,,,,,,,,,,,,,,,,,,,,,,,,,collarbone,3
86,,,,,,,,,,,,,,,,-0.003708742979178059,0.006473880906018303,0.10097128813800291,-0.00472643771639869,-0.025566924819286546,0.10523429210489729,,,,,,,,,,,,,,,,,,,,,,,,,,,,,,,collarbone,3
87,,,,,,,,,,,,,,,,-0.004750202393364655,0.003678135141741201,0.1020592427948574,-0.005742472859801895,-0.0257792901397198,0.10532290446384628,,,,,,,,,,,,,,,,,,,,,,,,,,,,,,,collarbone,3
88,,,,,,,,,,,,,,,,-0.0053891016004236625,0.0008194395831044865,0.10286520537538556,-0.005742472859801895,-0.0257792901397198,0.10532290446384628,,,,,,,,,,,,,,,,,,,,,,,,,,,,,,,collarbone,3
89,,,,,,,,,,,,,,,,-0.005661966013456421,-0.00048468874326235145,0.10375463241570489,-0.010589959216949607,-0.019294402663876442,0.10444035274190026,,,,,,,,,,,,,,,,,,,,,,,,,,,,,,,collarbone,3
90,,,,,,,,,,,,,,,,-0.005730313184816871,-0.0019899720487878136,0.10428360794725587,-0.010589959216949607,-0.019294402663876442,0.10444035274190026,,,,,,,,,,,,,,,,,,,,,,,,,,,,,,,collarbone,3
91,,,,,,,,,,,,,,,,-0.0057136278896761095,-0.0038167094806932367,0.10376756468429454,-0.012073444326149763,-0.020329871120869758,0.1043640749754707,,,,,,,,,,,,,,,,,,,,,,,,,,,,,,,collarbone,3
92,,,,,,,,,,,,,,,,-0.005935153424179718,-0.005544621769068447,0.10297876767760995,-0.013036669159844583,-0.025057043027008674,0.10540795730537583,,,,,,,,,,,,,,,,,,,,,,,,,,,,,,,collarbone,3
93,,,,,,,,,,,,,,,,-0.005453075074150993,-0.006600326814589552,0.10182337118045658,-0.013036669159844583,-0.025057043027008674,0.10540795730537583,,,,,,,,,,,,,,,,,,,,,,,,,,,,,,,collarbone,3
94,,,,,,,,,,,,,,,,-0.0058666819144356785,-0.007914254056140546,0.10128599846511586,-0.013036669159844583,-0.025057043027008674,0.10540795730537583,,,,,,,,,,,,,,,,,,,,,,,,,,,,,,,collarbone,3
95,,,,,,,,,,,,,,,,-0.006185209442368389,-0.008321954506626539,0.10080743579448473,-0.010200079729323241,-0.021992516102937065,0.10495381340417773,,,,,,,,,,,,,,,,,,,,,,,,,,,,,,,collarbone,3
96,,,,,,,,,,,,,,,,-0.005240145707767874,-0.009540371254369462,0.09923366171270222,-0.005938420843522474,-0.02523680799952549,0.10513551231387369,,,,,,,,,,,,,,,,,,,,,,,,,,,,,,,collarbone,3
97,,,,,,,,,,,,,,,,-0.005679445123649818,-0.011460188486749123,0.09915091931984653,-0.005842251278328603,-0.025618953515754245,0.10526725070824805,,,,,,,,,,,,,,,,,,,,,,,,,,,,,,,collarbone,3
98,,,,,,,,,,,,,,,,-0.005877798787714328,-0.011656264353288148,0.09880980500910104,-0.005842251278328603,-0.025618953515754245,0.10526725070824805,,,,,,,,,,,,,,,,,,,,,,,,,,,,,,,collarbone,3
99,,,,,,,,,,,,,,,,,,,-0.003917046130755719,-0.025996727491198773,0.10546029929513909,,,,,,,,,,,,,,,,,,,,,,,,,,,,,,,collarbone,3
100,,,,,,,,,,,,,,,,,,,-0.0015612772613646797,-0.02840918240021903,0.10533737659263062,,,,,,,,,,,,,,,,,,,,,,,,,,,,,,,collarbone,3
101,,,,,,,,,,,,,,,,,,,-0.0015612772613646797,-0.02840918240021903,0.10533737659263062,,,,,,,,,,,,,,,,,,,,,,,,,,,,,,,collarbone,3
102,,,,,,,,,,,,,,,,,,,-0.00013992692770548043,-0.028228333383175874,0.10525525025062646,,,,,,,,,,,,,,,,,,,,,,,,,,,,,,,collarbone,3
